{"cameraMode":{"drawMode":0,"name":"Shaded","section":"Shading Mode"},"sceneLighting":true,"audioPlay":false,"sceneViewState":{"showFog":true,"showMaterialUpdate":false,"showSkybox":true,"showFlares":true,"showImageEffects":true,"showParticleSystems":true},"in2DMode":false,"pivot":{"x":-61.281314849853519,"y":10.429121971130371,"z":2.076000213623047},"rotation":{"x":0.10559926182031632,"y":0.8821637034416199,"z":-0.23703762888908387,"w":0.39300021529197695},"size":29.939943313598634,"orthographic":false}