{"cameraMode":{"drawMode":0,"name":"Shaded","section":"Shading Mode"},"sceneLighting":true,"audioPlay":false,"sceneViewState":{"showFog":true,"showMaterialUpdate":false,"showSkybox":true,"showFlares":true,"showImageEffects":true,"showParticleSystems":true},"in2DMode":false,"pivot":{"x":-32.81584167480469,"y":15.181400299072266,"z":13.481189727783204},"rotation":{"x":0.018563009798526765,"y":-0.9111713171005249,"z":0.409531831741333,"w":0.04130273684859276},"size":34.73258972167969,"orthographic":false}