{"cameraMode":{"drawMode":0,"name":"Shaded","section":"Shading Mode"},"sceneLighting":true,"audioPlay":false,"sceneViewState":{"showFog":true,"showMaterialUpdate":false,"showSkybox":true,"showFlares":true,"showImageEffects":true,"showParticleSystems":true},"in2DMode":false,"pivot":{"x":29.38641357421875,"y":4.772937774658203,"z":-57.52047348022461},"rotation":{"x":-0.06198377162218094,"y":-0.9201526641845703,"z":0.1625969558954239,"w":-0.35076960921287539},"size":165.953857421875,"orthographic":false}