{"cameraMode":{"drawMode":0,"name":"Shaded","section":"Shading Mode"},"sceneLighting":true,"audioPlay":false,"sceneViewState":{"showFog":true,"showMaterialUpdate":false,"showSkybox":true,"showFlares":true,"showImageEffects":true,"showParticleSystems":true},"in2DMode":false,"pivot":{"x":-85.82852935791016,"y":-63.69309616088867,"z":4.6610107421875},"rotation":{"x":0.007241035811603069,"y":0.9771353602409363,"z":-0.2098018079996109,"w":0.033724553883075717},"size":326.3291931152344,"orthographic":false}