{"cameraMode":{"drawMode":0,"name":"Shaded","section":"Shading Mode"},"sceneLighting":true,"audioPlay":false,"sceneViewState":{"showFog":true,"showMaterialUpdate":false,"showSkybox":true,"showFlares":true,"showImageEffects":true,"showParticleSystems":true},"in2DMode":false,"pivot":{"x":-82.43006134033203,"y":3.1926090717315676,"z":-101.39664459228516},"rotation":{"x":-0.000157491973368451,"y":0.9998324513435364,"z":0.010498635470867157,"w":0.014998658560216427},"size":47.192996978759769,"orthographic":true}